id,name,value,unit,how_computed,who_sets,used_by
T-1,Capacity reconciliation tolerance,600,characters,"When charactersUsed is known counted total S must satisfy |S - charactersUsed| <= 600; when only the percentage was captured the band is A*(P-0.005)/100 <= S < A*(P+0.005)/100. This tolerance reconciles the banner and the synchronized catalog; it is not added to the customer's selection target.",fixed by the method,steps/02-obtain-candidates.md
T-2,Scheduled-job purge window,7,days,"CronJobDetail CronTrigger and AsyncApexJob rows purge seven days after completion; a snapshot older than this covers only still-queued schedules",fixed by the platform,references/data-contracts.md
T-3,Reasoning batch size,50,rows per agent,"Packages above this many rows are split into fragments of at most this size, each reasoned alone; smaller packages are batched up to this many rows per agent; lower it when a batch's payload would exceed the agent's context",method default; the analyst may lower it and records the value used in decisions_log,steps/03-reason-candidates.md
T-5,Realized-capacity reconciliation tolerance,600,characters,"Post-deployment Tooling delta must match the Setup figure movement within this many characters to be reported as confirmed realized",fixed by the method,steps/05-plan-removal.md
T-6,Mass-deployment cluster,20,classes,"At least this many members of one component with lastModifiedDate values in the same minute are one deployment event; the recent-modification rescue signal is discounted for them",method default,steps/03-reason-candidates.md
T-7,Candidate-tool polling,60 polls at 30-second intervals,polls,"get_unused_apex_candidates is re-called with identical arguments every 30 seconds; still computing after 60 polls (30 minutes) is reported as not completed - the card stays put and the user is told",fixed by the method,steps/02-obtain-candidates.md
T-9,Signed-URL life,120,seconds,"The bundle URL the tool returns expires after this long; fetch at once and re-call the tool for a fresh one on failure; never store the URL",fixed by the platform,steps/02-obtain-candidates.md
T-10,Plan regenerations before escalation,2,generator runs,"A BLOCKS finding that survives this many generator runs goes to the customer's reviewer as a keep-or-rewrite question rather than another plan adjustment",fixed by the method,steps/05-plan-removal.md
T-11,Unused window N,90,calendar days,"A class or trigger is a candidate when its lastExecuted.date (direct or inferred) is older than the N-day Coordinated Universal Time window ending yesterday or absent; the ledger states the requested and effective windows",fixed by the method; card 02 passes it to the tool,steps/01-check-prerequisites.md
T-12,Minimum telemetry span,29,held days,"30 published days arrive as 29 held when the ingest runs before Salesforce publishes the newest log; the engagement blocks with INSUFFICIENT_TELEMETRY below this value and produces no candidate list",fixed by the method,steps/02-obtain-candidates.md
T-13,Event Monitoring on,1,distinct daily log date,"One returned daily log date means the Event Monitoring add-on is on.",fixed by the method,steps/01-check-prerequisites.md
